{"flutter":{"platforms":{"android":{"default":{"projectId":"movieapp-df760","appId":"1:640872337122:android:f5f387de6cd5d4e17398bb","fileOutput":"android/app/google-services.json"}},"dart":{"lib/firebase_options.dart":{"projectId":"movieapp-df760","configurations":{"android":"1:640872337122:android:f5f387de6cd5d4e17398bb","ios":"1:640872337122:ios:c638deca6eb48f5d7398bb","macos":"1:640872337122:ios:c638deca6eb48f5d7398bb","web":"1:640872337122:web:204802baba479c3e7398bb","windows":"1:640872337122:web:154c1af4496b60137398bb"}}}}}}