{
  "project_info": {
    "project_number": "640872337122",
    "project_id": "movieapp-df760",
    "storage_bucket": "movieapp-df760.firebasestorage.app"
  },
  "client": [
    {
      "client_info": {
        "mobilesdk_app_id": "1:640872337122:android:f5f387de6cd5d4e17398bb",
        "android_client_info": {
          "package_name": "com.example.movie_app"
        }
      },
      "oauth_client": [],
      "api_key": [
        {
          "current_key": "AIzaSyBMGiCxB7CUQ5RpZnZRcqNBZR-hVAPKwaE"
        }
      ],
      "services": {
        "appinvite_service": {
          "other_platform_oauth_client": []
        }
      }
    }
  ],
  "configuration_version": "1"
}